company_name,company_number,address_line_1,address_line_2,post_code,locality,country
360 LAB LTD,14869093,Flat 5 61a Kirgate House,,BD1 1PZ,Bradford,United Kingdom
AIRLINE RESERVATION LIMITED,14498022,85 Great Portland Street,,W1W 7LT,London,United Kingdom
AIRLINE ROTABLES (UK HOLDINGS) LIMITED,02637160,2 Minton  Place,Victoria Road,OX26 6QB,Bicester,United Kingdom
AIRLINE SERVICES AND COMPONENTS GROUP LIMITED,07652548,Squire Patton Boggs (Uk) Llp (Ref: Csu) Rutland House,148 Edmund Street,B3 2JR,Birmingham,United Kingdom
AIRLINE SERVICES COMPONENTS LIMITED,01503647,Squire Patton Boggs (Uk) Llp (Ref: Csu) Rutland House,148 Edmund Street,B3 2JR,Birmingham,United Kingdom
AIRLINE SERVICES HOLDINGS LIMITED,05211996,Squire Patton Boggs (Uk) Llp (Ref: Csu) Rultand House,148 Edmund Street,B3 2JR,Birmingham,United Kingdom
AIRLINE SERVICES LIMITED,01685094,Squire Patton Boggs (Uk) Llp (Ref: Csu) Rutland House,148 Edmund Street,B3 2JR,Birmingham,United Kingdom
AIRLINE SERVICES TECHNICS LIMITED,06721205,Squire Patton Boggs (Uk) Llp (Ref: Csu) Rutland House,148 Edmund Street,B3 2JR,Birmingham,United Kingdom
AIRLINE SUPPORT LIMITED,15070430,86-90 Paul Street,,EC2A 4NE,London,United Kingdom
AIRLINE TARIFF PUBLISHING COMPANY,FC014373,2340 Dulles Corner Blvd Suite 800,,,Herndon,United States
AIRLINE TICKET LIMITED,14523602,85 Great Portland Street,First Floor,W1W 7LT,London,United Kingdom
AIRLINE TICKETS SERVICE LTD,14922726,47 Warrington Avenue,,SL1 3BG,Slough,United Kingdom
AIRLINE TRAINING ACADEMY UK LTD,07558429,Suite 1 19 Aviation Way,Southend Airport,SS2 6UN,Southend On Sea,United Kingdom
AIRLINE TRAINING ASSOCIATES LIMITED,01803135,1st Floor Arthur Stanley House,40-50 Tottenham Street,W1T 4RN,London,United Kingdom
AIRLINE TRAVEL HUB LIMITED,08274114,Westminster House,10 Westminster Road,SK10 1BX,Macclesfield,United Kingdom
AIRLINE TRAVELS LIMITED,08403564,128a High Street,,B70 6JW,West Bromwich,United Kingdom
AIRLINE VENTURES LIMITED,11044404,2 Woodcote,Chestfield,CT5 3QB,Whitstable,United Kingdom
AIRLINEN LTD,10141677,"Videk House, Building 2",Kingsbury Road,NW9 8RW,London,United Kingdom
AIRLINEPREP LIMITED,10399598,95 Ditchling Road,,BN1 4ST,Brighton,United Kingdom
AIRLINEPROS NORTHERN EUROPE LTD,12079551,37 Prince George Avenue,,N14 4TL,London,United Kingdom
AIRLINER FOR RENT LTD,11157621,27 Old Gloucester Street,,WC1N 3AX,London,United Kingdom
AIRLINER1 EUROPE LIMITED,SC464056,19 Colquhoun Avenue,Hillington Park,G52 4BN,Glasgow,United Kingdom
AIRLINERS LIVE LTD,14062002,City Heliport Old University Building,Liverpool Road,M30 7RU,Eccles,United Kingdom
AIRLINES 4 DIALOGUE LIMITED,05882574,The Old Town Hall Market Place,Oundle,PE8 4BA,Peterborough,United Kingdom
AIRLINES BAGAGE LTD,15139570,29 Sutton Square,,TW5 0JB,Hounslow,United Kingdom
AIRLINES GLOBAL SOLUTIONS LIMITED,12776613,Unit 8 The Courtyard Gaulby Lane,Stoughton,LE2 2FL,Leicestershire,United Kingdom
AIRLINES MARKET LIMITED,10899619,11 Thomas George Way,,B19 2NE,Birmingham,United Kingdom
AIRLINES PAYMENT SYSTEM LTD,15434683,332 Cable Street,,E1 0AE,London,United Kingdom
AIRLINES RESERVATIONS LTD,14869092,14869092 - COMPANIES HOUSE DEFAULT ADDRESS,,CF14 8LH,Cardiff,United Kingdom
AIRLINES SOFTWARE SOLUTIONS LTD,15246457,60 Wykebeck Road,,LS9 0JA,Leeds,United Kingdom
AIRLINES UK - THE ASSOCIATION OF UK AIRLINES LIMITED,04466066,25 Southampton Buildings,,WC2A 1AL,London,United Kingdom
AIRLINESOLUTIONS LTD,11044170,35 Brockenhurst Way,,SW16 4UB,London,United Kingdom
AIRLINGUA INTERNATIONAL LTD,09084985,258b High Street,,RH4 1QT,Dorking,United Kingdom
AIRLINK 4 U LIMITED,05057638,121 Soho Hill,Hockley,B19 1AX,Birmingham,United Kingdom
AIRLINK COMMUNICATION LIMITED,15218950,39 Northfield Road,Harborne,B17 0ST,Birmingham,United Kingdom
AIRLINK GLOBAL TRAVEL LIMITED,15733939,3 Greenfinch Mews,,GU51 5DN,Fleet,United Kingdom
AIRLINK HOLIDAYS LIMITED,06590854,176 Lavender Avenue,,CV6 1DL,Coventry,United Kingdom
AIRLINK HOTEL & BANQUETING SUITE LTD,08632949,18-22 Pump Lane,,UB3 3NB,Hayes,United Kingdom
AIRLINK MANAGEMENT LIMITED,14186934,Leigh House 28-32 St Paul's Street,St Paul'S Street,LS1 2JT,Leeds,United Kingdom
AIRLINK MK LTD,15558860,29 Favell Drive,Furzton,MK4 1AL,Milton Keynes,United Kingdom
AIRLINK PROJECTS BG LTD,15142863,22 Oakdale Drive,Penwortham,PR1 9AZ,Preston,United Kingdom
AIRLINK TAXIS LIMITED,13010706,262 Catherine Street,,LE4 6GD,Leicester,United Kingdom
AIRLINK TECHNOLOGY SERVICES LTD,14840518,1a Sutherland Street,,SW1V 4LD,London,United Kingdom
AIRLINK TRANSFER LTD,14971001,Apartment 3 Celandine Court,15 Underwood Rise,TN2 5RY,Tunbridge Wells,United Kingdom
AIRLINK TRANSPORT LTD,15001411,450 Bath Road,Longford,UB7 0EB,Heathrow,United Kingdom
AIRLINK TRAVEL (EDI) LIMITED,SC599411,13 Albert Place Albert Place,Albert Place,EH7 5HN,Edinburgh,United Kingdom
AIRLINKS PRIVATE LTD,15247595,299 Sheppey Road,,RM9 4JU,Dagenham,United Kingdom
AIRLINKS THE AIRPORT COACH COMPANY LIMITED,02036613,"National Express House Birmingham Coach Station, Mill Lane",Digbeth,B5 6DD,Birmingham,United Kingdom
AIRLITE CONSULTING LTD,14881804,2nd Floor College House,"17 King Edwards Road,",HA4 7AE,"Ruislip,",United Kingdom
AIRLITE FINANCE LIMITED,00636494,93 Regent Street,Cambridge,CB2 1AW,,United Kingdom
AIRLITE PROPERTY SOLUTIONS LTD,14390696,16 The Furlong,Oakley,MK43 7RD,Bedford,United Kingdom
AIRLIVE LIMITED,10000510,"1st Floor, 104 Oxford Street",Oxford Street,W1D 1LP,London,United Kingdom
AIRLOAD ENGINEERING LIMITED,01542124,Unit 8,Pembroke Dock Industrial Estate,SA72 4RS,Pembroke Dock,United Kingdom
AIRLOAD WASTE MANAGEMENT LTD,10775574,Airload Buildings,Orgreave Lane,S13 9NG,Sheffield,United Kingdom
AIRLOCAL LTD,11726558,The Coach House North Building,1 Howard Road,RH2 7JE,Reigate,United Kingdom
AIRLOCATE LTD,14791229,5 Ashbourne Grove,,LA3 3NH,Morecambe,United Kingdom
AIRLOCK AVIATION LIMITED,05473267,David Gamblin Chartered Accounta,71 The Hundred,SO51 8BZ,Romsey,United Kingdom
AIRLOCK THEATRE LIMITED,14427605,Flat B,14 Charteris Road,NW6 7ET,London,United Kingdom
AIRLOCK UK LIMITED,14970896,8 Colenso Road,Ashton-On-Ribble,PR2 2LL,Preston,United Kingdom
AIRLOCUM LIMITED,11591611,1 Market Street,,TQ6 9QE,Dartmouth,United Kingdom
AIRLOFTY LTD,14916775,"Office 222 Paddington House, New Road","Stockwood Business Park, Stockwood",DY10 1AL,Kidderminster,United Kingdom
AIRLOG SOLUTIONS LIMITED,11170758,293 Green Lanes,Palmers Green,N13 4XS,London,United Kingdom
AIRLOK LIMITED,09546280,Insolvency Direct Ltd Saxon Way,Saxon House,GL52 6QX,Cheltenham,United Kingdom
AIRLOOP & SON LTD,14816025,38a Thornton Road,,DA17 6DD,Belvedere,United Kingdom
AIRLOOP LTD,12038589,9 St. Andrews Avenue,,RM12 5DS,Hornchurch,United Kingdom
AIRLOUNGE CONSULTING LIMITED,11935621,"2nd Floor Connaught House, 1-3 Mount Street",(Entrance Via Davies Street),W1K 3NB,London,United Kingdom
AIRLUME VENTURES LP,SL030787,24 Station Square,Suite 16,IV1 1LD,Inverness,United Kingdom
AIRLUN LTD,15491727,128 City Road,,EC1V 2NX,London,United Kingdom
AIRLUXE HOSPITALITY LTD,14973310,4 Grove Road,Carlton,NG7 1HJ,Nottingham,United Kingdom
AIRLUXE LTD,05899691,5 Burley Court,Pillmere Drive,PL12 6FH,Saltash,United Kingdom
AIRLUXE MANAGEMENT LTD,15182448,"Flat 2, Union Court",Union Terrace,YO31 7EU,York,United Kingdom
AIRLUXJETS LTD,14970234,128 City Road,,EC1V 2NX,London,United Kingdom
AIRLY AIR QUALITY SERVICES LTD,13653711,3rd Floor 86-90 Paul Street,East Midlands Airport,EC2A 4NE,London,United Kingdom
AIRLY INC.,FC039704,3500 S Dupont Highway Dover,County Of Kent,,Delaware,United Kingdom
AIRLY LIMITED,13463723,C/O Prydis Legal Senate Court,Southernhay Gardens,EX1 1NT,Exeter,United Kingdom
AIRLYNX CRUISE PARKING LIMITED,15609240,C/O Hjs Chartered Accountants 6 Charlecote Mews,Staple Gardens,SO23 8SR,Winchester,United Kingdom
AIRLYNX PARKING LIMITED,08458344,C/O Hjs Chartered Accountants 6 Charlecote Mews,Staple Gardens,SO23 8SR,Winchester,United Kingdom
AIRMA LIMITED,12269548,Arrowpoint Brickyard Road,Aldridge,WS9 8BW,Walsall,United Kingdom
AIRMAC GDI LIMITED,SC380200,The Mechanics Workshop,New Lanark,ML11 9DB,Lanark,United Kingdom
AIRMAC UK LTD,09049162,2 Valmont Road,,NG5 1GA,Nottingham,United Kingdom
AIRMAC VBE LIMITED,SC560321,The Mechanics Workshop,New Lanark,ML11 9DB,Lanark,United Kingdom
AIRMACS AVIATION LIMITED,14093783,7 Bell Yard,,WC2A 2JR,London,United Kingdom
AIRMAGEDDON PRODUCTIONS LTD,09744790,183 Eversholt Street,Ground Floor South,NW1 1BU,London,United Kingdom
AIRMAGIC LTD,15519892,7 Morfa Gardens,,CV6 1PX,Coventry,United Kingdom
AIRMAIL LONDON LIMITED,10062314,67 - 69 George Street,,W1U 8LT,London,United Kingdom
AIRMAIL PRESS LTD,13645028,20 The Cross,Wivenhoe,CO7 9QW,Colchester,United Kingdom
AIRMAILS LIMITED,10064414,4 Gold Tops,,NP20 4PG,Newport,United Kingdom
ARKSTONE GROUP LIMITED,15528905,8-10 South Street,,KT18 7PF,Epsom,United Kingdom
ARKSTONE INVESTMENT LIMITED,13556107,Unit 2.02 High Weald House,Glovers End,TN39 5ES,Bexhill,United Kingdom
ARKSTONE LTD,14889916,"Office 317, 3rd And 4th Floors, 84 Salop Street",Salop Street,WV3 0SR,Wolverhampton,United Kingdom
ARKSTONE PROPERTY INVESTMENT LTD,14536308,378 Walsall Road,Perry Barr,B42 2LX,Birmingham,United Kingdom
ARKSTONE PROPERTY MANAGEMENT LLP,OC438695,Unit 2.02 High Weald House,Glovers End,TN39 5ES,Bexhill,United Kingdom
ARKSTONE SOLUTIONS LTD,10867117,20-22 Wenlock Road,,N1 7GU,London,United Kingdom
ARKSTONS CAPITAL LIMITED,11848981,27 Old Gloucester Street,,WC1N 3AX,London,United Kingdom
ARKSTONS INVESTMENTS LIMITED,11015850,27 Old Gloucester Street,,WC1N 3AX,London,United Kingdom
ARKSTORE LIMITED,01610928,40 Half Moon Crescent,,N1 0TJ,London,United Kingdom
ARKSTRADES LTD,14669679,14669679 - COMPANIES HOUSE DEFAULT ADDRESS,,CF14 8LH,Cardiff,United Kingdom
ARKSUN PROPERTIES LTD,14205068,Unit 2 Burley House,Rowditch Place,DE22 3LR,Derby,United Kingdom
ARKSUPPLYCO. LTD,14586803,3 Tile Kiln,Ringmer,BN8 5LR,Lewes,United Kingdom
ARKSURE LLP,OC314087,159 Station Road,Knowle,B93 0PT,Solihull,United Kingdom
ARKSURVEYS LTD,10972958,Llwyn Derw,Angel Bank,SY8 3HY,Ludlow,United Kingdom
ARKT COACHWORKS LTD,SC642622,42 Glebe Street Glebe Street,New Cumnock,KA18 4BE,Cumnock,United Kingdom
ARKT MARKETING LIMITED,15154522,15154522 - COMPANIES HOUSE DEFAULT ADDRESS,,CF14 8LH,Cardiff,United Kingdom
ARKTA GROUP LTD,15358276,Unit 7.04 Paintworks,Arnos Vale,BS4 3EA,Bristol,United Kingdom
ARKTEC LIMITED,06324544,Lodge Farm Barn Elvetham Park Estate,Fleet Road,RG27 8AS,Hartley Wintney,United Kingdom
ARKTECH (NE) LIMITED,06959801,1 Lee Close,Pattinson North Ind Est,NE38 8QF,Washington,United Kingdom
ARKTECH AV LTD,12906612,13 Orchard Farm Cottages,Ivinghoe Aston,LU7 9DL,Leighton Buzzard,United Kingdom
ARKTECH CONSULTANCY LIMITED,07434608,Jsa Services Ltd 4th Floor Radius House,51 Clarendon Road,WD17 1HP,Watford,United Kingdom
ARKTECH CONSULTING LTD,08862931,10 Sutherland Road,,M16 0HX,Manchester,United Kingdom
ARKTECH ENTERPRISE LIMITED,13744283,1 St Anns Road South,Heald Green,SK8 3DZ,Cheadle,United Kingdom
ARKTECH IT SOLUTIONS LTD,13922589,116 Pierrefondes Avenue,,GU14 8NZ,Farnborough,United Kingdom
ARKTECK SOLUTIONS LIMITED,14935944,71-75 Shelton Street,Covent Garden,WC2H 9JQ,London,United Kingdom
ARKVER LTD,NI611577,47 Old Park Road,,BT24 8LY,Ballynahinch,United Kingdom
ARKVIEN AI LTD.,13194867,Crown House,27 Old Gloucester Street,WC1N 3AX,London,United Kingdom
ARKVIEW LTD,15453527,117 Limmer Lane,,PO22 7LR,Bognor Regis,United Kingdom
ARKVILLE DEVELOPMENTS LTD,14688105,71-75 Shelton Street,Covent Garden,WC2H 9JQ,London,United Kingdom
ARKVILLE LIMITED,13149727,3 The Green,North Runcton,PE33 0RB,King's Lynn,United Kingdom
ARKW LTD,09727136,25 St Thomas Street,,SO23 9HJ,Winchester,United Kingdom
ARKWALL LIMITED,02497479,Victoria House,Victoria St,NP44 3JS,Cwmbran,United Kingdom
ARKWAY BUILDING AND CONSTRUCTION LTD,11415802,Unit 1d Howden Hall Industrial Estate Howden Road,Silsden,BD20 0HJ,Keighley,United Kingdom
ARKWAY GROUNDWORKS LTD,13432788,Unit 1d Howden Hall Howden Road,Silsden,BD20 0HJ,Keighley,United Kingdom
ARKWAY GROUP LTD,15778743,Unit 1d Howden Hall Industrial Estate,Howden Road,BD20 0HJ,Silsden,United Kingdom
ARKWAY LIMITED,13432929,Unit 1d Howden Hall Howden Road,Silsden,BD20 0HJ,Keighley,United Kingdom
ARKWAY PLANT HIRE LTD,15777373,Unit 1d Howden Hall Howden Road,Silsden,BD20 0HJ,Keighley,United Kingdom
ARKWELL 3 LILAC LTD,15580331,128 City Road,,EC1V 2NX,London,United Kingdom
ARKWELL CONSULTING LTD,14198358,128 City Road,,EC1V 2NX,London,United Kingdom
ARKWELL FASTENERS LIMITED,01599516,Unit 1,Chapel Street,NG10 1EQ,Long Eaton,United Kingdom
ARKWELL HOMES LIMITED,SC696734,41 Dundee Road West,Broughty Ferry,DD5 1NB,Dundee,United Kingdom
ARKWELL HOUSE LTD,11013808,1029 London Road,,CR7 6JF,Thornton Heath,United Kingdom
ARKWELL PROPERTIES LIMITED,OE003727,Sovereign House Sovereign House,4 Christian Road,IM1 2SD,Douglas,Isle Of Man
ARKWEST LIMITED,06323770,145 Beverley Road,,HA4 9AP,Ruislip,United Kingdom
ARKWHEEL LIMITED,09047428,3 Hetton Road,,LS8 2RT,Leeds,United Kingdom
ARKWHITES LTD,15318493,20 Havelock Road,,TN34 1BP,Hastings,United Kingdom
ARKWOOD DEVELOPMENTS LIMITED,11383915,Newark And Sherwood District Council Castle House,Great North Road,NG24 1BY,Newark,United Kingdom
ARKWOOD LTD,08294137,The Studio 7,Mehetabel Road,E9 6DU,London,United Kingdom
ARKWOOD PROJECTS LTD,07380781,300 St. Marys Road,Garston,L19 0NQ,Liverpool,United Kingdom
ARKWOOD PROPERTY GROUP LTD,12401525,"Charles Rippin And Turner, Middlesex House,",130 College Road,HA1 1BQ,Harrow,United Kingdom
ARKWORKS BUILDERS LIMITED,06783318,134 Princes Avenue,,WD18 7SJ,Watford,United Kingdom
ARKWORLD UK LIMITED,04852670,115b Warwick Street,,CV32 4QZ,Leamington Spa,United Kingdom
ARKWRIGHT & CO SW LIMITED,08861924,"C/O Cooper Parry, New Derwent House",69-73 Theobalds Road,WC1X 8TA,London,United Kingdom
ARKWRIGHT INSURANCE BROKERS LIMITED,05479162,115 Blackburn Road,,BL1 8HF,Bolton,United Kingdom
ARKWRIGHT INVESTMENTS LIMITED,01891200,Hawthornden,3 Cranmer Street,NG3 4GH,Nottingham,United Kingdom
ARKWRIGHT LAW SOLICITORS LTD,12591239,58 Talbot Street,,NG1 5GL,Nottingham,United Kingdom
ARKWRIGHT LONDON LTD,12581339,"Profile West Suite 2, Floor 1",950 Great West Road,TW8 9ES,Brentford,United Kingdom
ARKWRIGHT LONDON PARTNERS LLP,OC445344,35 Ballards Lane,,N3 1XW,London,United Kingdom
ARL DIRECT TRANSPORT & DISTRIBUTION SERVICES LIMITED,SC644654,48 Belgrave Street,Bellshill Industrial Estate,ML4 3NP,Bellshill,United Kingdom
ARL DIRECT TRANSPORT LTD,SC779552,60 Waverly Street,Unit 2,ML5 2BE,Coatbridge,United Kingdom
BULLDOG MINI SKIPS LTD,15330909,"Yard 1, Arnock Bungalow",Southend Arterial Road,CM13 3TB,Brentwood,United Kingdom
BULLDOG MORTLAKE LIMITED,09043007,Foresters Cottage,Stoney Heath,RG26 5SW,Basingstoke,United Kingdom
BULLDOG MUSHROOMS LTD,08465312,C58-59 New Covent Garden Market,Nine Elms Lane,SW8 5JJ,London,United Kingdom
BULLDOG MUSICAL ENTERTAINMENTS LIMITED,01652098,5 Ravensfield Gardens,Stoneleigh,KT19 0ST,Surrey,United Kingdom
BULLDOG NETWORK (BOURNEMOUTH) LIMITED,04667818,"Frp Advisory Trading Limited, Mountbatten House",Grosvenor Square,SO15 2RP,Southampton,United Kingdom
BULLDOG OFFSHORE SERVICES LIMITED,04357809,Lake House,Lodge Farm Loke,NR32 5LU,Lound Lowestoft,United Kingdom
BULLDOG OUTDOORS LIMITED,05583758,48 Union Street,,SK14 1ND,Hyde,United Kingdom
BULLDOG PALLETS & SONS LTD,15431666,14 Brook Dene,Winslow,MK18 3FU,Buckingham,United Kingdom
BULLDOG PLANT & EQUIPMENT LTD,13302843,Hoblongs Industrial Estate,Chelmsford Road,CM6 1JA,Dunmow,United Kingdom
BULLDOG PLANT LTD,13304901,The Folly Lound Road,Blundeston,NR32 5AT,Lowestoft,United Kingdom
BULLDOG PLANTIRE LIMITED,01477370,45a Acre Road,Kingston-Upon-Thames,KT2 6ER,Surrey,United Kingdom
BULLDOG PLUMBING LIMITED,06336248,29 Langdale Gardens,,RM12 5LB,Hornchurch,United Kingdom
BULLDOG PLUMBING SERVICES LTD,14797406,65 Ivyhouse Lane,,WV14 9JU,Bilston,United Kingdom
BULLDOG POLITICAL CONSULTING LIMITED,12741287,81 High Street,,PO6 3BL,Cosham,United Kingdom
BULLDOG POWER LTD,08186306,Sun House,428 Long Drive,UB6 8UH,Greenford,United Kingdom
BULLDOG PRACTICAL SUPPORT LTD,14255557,8 Sandy Lane,Scalford,LE14 4DS,Melton Mowbray,United Kingdom
BULLDOG PREMIUM GROWTH I LIMITED,02779155,Woolsington House,Woolsington,NE13 8BF,Newcastle Upon Tyne,United Kingdom
BULLDOG PRINT GROUP LTD,13377116,15 York Close,,OX26 4XE,Bicester,United Kingdom
BULLDOG PRODUCTS INSTALLATIONS LIMITED,03308221,Units 2 3 And 4,Stretton Road Industrial Estate,TF13 6DH,Much Wenlock,United Kingdom
BULLDOG PRODUCTS LIMITED,03151586,Westland Horticulture Alconbury Hill,Alconbury Weston,PE28 4HY,Huntingdon,United Kingdom
BULLDOG PROPERTIES (KENT) LIMITED,07545206,153 Mortimer Street,,CT6 5HA,Herne Bay,United Kingdom
BULLDOG PROPERTIES (YORKSHIRE) LTD,10884907,Unit 121 Whitehall Road,Whitehall Industrial Estate,LS12 5JB,Leeds,United Kingdom
BULLDOG PROPERTIES AND LETTINGS LIMITED,13087377,Unit 4 Barrowfields Business Park,Barrowfield Road,S63 0BF,Thurnscoe,United Kingdom
BULLDOG PROPERTIES FYLDE LTD,13732085,Unit 2 Olympic Court Whitehills Business Park,Boardmans Way,FY4 5GU,Blackpool,United Kingdom
BULLDOG PROPERTIES LTD,12787961,8 Redcar Road,,NE6 5UE,Newcastle Upon Tyne,United Kingdom
BULLDOG PROPERTY INVESTMENTS LTD,14977826,5 Brayford Square,,E1 0SG,London,United Kingdom
BULLDOG PROPERTY SERVICES LTD,11977850,Unit 7 - Office 1a Keys Road,Nixs Hill Industrial Estate,DE55 7FQ,Alfreton,United Kingdom
BULLDOG PROPERTY SOURCING LTD,13575772,12 Beresford Rd,,CT11 9BH,Ramsgate,United Kingdom
BULLDOG PROTECTION SYSTEMS LIMITED,04349069,Little Elms,The Reddings,GL51 6RY,Cheltenham,United Kingdom
BULLDOG PUBLISHING LIMITED,03138960,5 High Green,Great Shelford,CB22 5EG,Cambridge,United Kingdom
BULLDOG RECOVERY LTD,10986687,12 Villa Street,,HR2 7AY,Hereford,United Kingdom
BULLDOG RECRUITMENT LIMITED,10284636,"C/O Marshall Peters, Heskin Hall Farm",Wood Lane,PR7 5PA,Heskin,United Kingdom
BULLDOG REMOULDS LIMITED,00932731,Athena Drive,Tachbrook Park,CV34 6UX,Warwick,United Kingdom
BULLDOG REMOVALS LTD,SC640720,First Floor 4 Earls Court,Earls Gate Business Park,FK3 8ZE,Grangemouth,United Kingdom
BULLDOG REPORTING LIMITED,10526596,11 Tetley Drive,,BD19 2NB,Birkenshaw,United Kingdom
BULLDOG RESCUE AND RE-HOMING TRUST,05664557,Little Knowlton,Carron Lane,GU29 9LD,Midhurst,United Kingdom
BULLDOG RESIDENTIAL PROPERTIES LLP,OC445056,35 Websters Way,,SS6 8JQ,Rayleigh,United Kingdom
BULLDOG RESOURCING LTD,11170931,Kingdom House Woodlands Park,Ashton Road,WA12 0HF,Newton-Le-Willows,United Kingdom
BULLDOG RETAIL LTD,14453012,7 Bettina Close,,CV10 9EX,Nuneaton,United Kingdom
BULLDOG RIGGING SERVICES LTD,13334173,2 Dairy Ground,Kings Sutton,OX17 3QB,Banbury,United Kingdom
BULLDOG SALES & CONSULTING LTD,11838768,39 High Street,Bearsted,BR6 0JE,Orpington,United Kingdom
BULLDOG SCAFFOLDING (BOSTON) LTD,15600057,62 Wide Bargate,,PE21 6RY,Boston,United Kingdom
BULLDOG SECURITY LIMITED,07407395,C/O Insolvency One Albion Mills Business Centre,Greengates,BD10 9TQ,Bradford,United Kingdom
BULLDOG SECURITY PRODUCTS LIMITED,01799475,Units 1-4,Stretton Road Industrial Estate,TF13 6DH,Much Wenlock,United Kingdom
BULLDOG SELF STORAGE LIMITED,10761396,Unit 13 Westside Industrial Estate,Jackson Street,WA9 3AT,St. Helens,United Kingdom
BULLDOG SERVICE STATION LIMITED,00631975,James Cowper Kreston 8th Floor South,"Reading Bridge House, George Street",RG1 8LS,Reading,United Kingdom
BULLDOG SERVICES GRP LTD,13067510,The Toll House,115 High Street,B66 1AA,Smethwick,United Kingdom
BULLDOG SERVICES LIMITED,15298599,705 Ormskirk Road,,WN5 8AQ,Wigan,United Kingdom
BULLDOG SHEDS AND FENCING LIMITED,06403796,701 Stonehouse Park,Sperry Way,GL10 3UT,Stonehouse,United Kingdom
BULLDOG SKINCARE HOLDINGS LIMITED,08850582,Sword House,Totteridge Road,HP13 6DG,High Wycombe,United Kingdom
BULLDOG SKINCARE LIMITED,05717974,Sword House,Totteridge Road,HP13 6DG,High Wycombe,United Kingdom
BULLDOG SOLUTIONS GRP LTD,13067555,"The Toll House, 115 High Street",High Street,B66 1AA,Smethwick,United Kingdom
BULLDOG SOLUTIONS LTD.,08637142,International House,Barking Road,E13 9PJ,London,United Kingdom
BULLDOG SPARX LIMITED,12094677,4 Highlands Court,Cranmore Avenue,B90 4LE,Solihull,United Kingdom
BULLDOG SPIRIT LIMITED,15382197,Evanside Horn Hill,Barford St. Michael,OX15 0RQ,Banbury,United Kingdom
BULLDOG SPORTS & BRANDING (UK) LTD,11653228,91a Tinshill Road,,LS16 7DN,Cookridge,United Kingdom
BULLDOG STAFF HIRE LTD,15273672,112 Dale Street,,ME4 6QH,Chatham,United Kingdom
BULLDOG STEEL FABRICATIONS LIMITED,03802757,4a Church Street,,LE16 7AA,Market Harborough,United Kingdom
BULLDOG STORAGE LTD,11045926,White House Farm Town Street,Shiptonthorpe,YO43 3PE,York,United Kingdom
BULLDOG SUNBEDS LIMITED,15556033,Unit 2 Campbell's Business Park,Campbell's Meadow,PE30 4YR,Kings Lynn,United Kingdom
BULLDOG SYSTEMS LTD,13014625,The Toll House,115 High Street,B66 1AA,Smethwick,United Kingdom
BULLDOG TAVERN LTD,15534785,8 Vernon Terrace (Flat 3),C/O Freemanbreckon Accountants,BN1 3JG,Brighton,United Kingdom
BULLDOG TECHNOLOGY LTD,08876375,7 Bell Yard,,WC2A 2JR,London,United Kingdom
BULLDOG TOOLS (NORTH AMERICA) LTD,10895708,18 Watermark Way,Foxholes Business Park,SG13 7TZ,Hertford,United Kingdom
BULLDOG TOPSIDES LIMITED,SC635627,25 Groathill Road South,Craigleith,EH4 2LS,Edinburgh,United Kingdom
BULLDOG TOYS LTD,14363887,Fairfax House 6a Mill Field Road,Cottingley,BD16 1PY,Bingley,United Kingdom
BULLDOG TRADING LTD,14071903,Mj Accountancy Suites 2 & 3 Bow Street Chambers,1/2 Bow Street,WS15 2BT,Rugeley,United Kingdom
BULLDOG TRANS LTD,13489189,11 The Mead,,WD19 5BY,Watford,United Kingdom
BULLDOG TUBE STRAIGHTENING SERVICES LIMITED,12963208,Fairways,Pendine,SA33 4PA,Carmarthen,United Kingdom
BULLDOG TV LIMITED,14850154,1 Amwell Street,,EC1R 1UL,London,United Kingdom
BULLDOG VAPOURS NW LTD,10621954,284 Park Road,,L8 4UE,Liverpool,United Kingdom
BULLDOG VENTURES LTD,15589959,49 Surrey Place,,NE4 6JD,Newcastle Upon Tyne,United Kingdom
BULLDOG VINTAGE LTD,11266336,3 Clive Road,,EN1 1RB,Enfield,United Kingdom
BULLDOG XTREME LIMITED,NI645522,736b Saintfield Road,Carryduff,BT8 8AT,Belfast,United Kingdom
BULLDOG-SPORTS LTD,SC449962,Q Court,3 Quality Street,EH4 5BP,Edinburgh,United Kingdom
BULLDOGELEC TRADING LIMITED,14887131,31 Torrington Place,,LN4 1LG,Branston,United Kingdom
BULLE & BAER LTD,07245964,The 606 Centre,5a Cuthbert Street,W2 1XT,London,United Kingdom
BULLE TRANSPORT COMPANY LTD,12726585,23 Westman Drive,,M13 9ES,Manchester,United Kingdom
BULLEAR RESIDENTS ASSOCIATION LIMITED,02731165,Suite 7 Phoenix House,"Redhill Aerodrome, Kings Mill Lane",RH1 5JY,Redhill,United Kingdom
BULLEE SECURE TRANSPORT LTD,13914128,8 Twisleton Court,Priory Hill,DA1 2EN,Dartford,United Kingdom
BULLEFX LTD,15804108,15804108 - COMPANIES HOUSE DEFAULT ADDRESS,,CF14 8LH,Cardiff,United Kingdom
BULLEGY LIMITED,14828239,"152-160 Kemp House, City Road",,EC1V 2NX,London,United Kingdom
BULLEH SHAH AIRCONDITIONING LTD,05477701,131 Gordon Road,Ilford,IG1 2XT,Essex,United Kingdom
BULLEID SHOP LIMITED,15342893,Sheffield Park Station,Sheffield Park,TN22 3QL,Uckfield,United Kingdom
BULLEIGH BARTON COURT MANAGEMENT COMPANY LIMITED,02614263,19 The Terrace,,TQ1 1BN,Torquay,United Kingdom
BULLEIGH FABRICATIONS LIMITED,11520707,Unit 21 Bulleigh Barton Farm,Ipplepen,TQ12 5UA,Newton Abbot,United Kingdom
BULLEN & CO ACCOUNTANTS LIMITED,08045902,16 Bedford Avenue,Frimley Green,GU16 6HP,Camberley,United Kingdom
BULLEN & CO LIMITED,07256790,1st Floor 143 Connaught Avenue,143 Connaught Avenue,CO13 9AB,Frinton On Sea,United Kingdom
BULLEN & SON LIMITED,13581080,92 Ravenscroft,Holmes Chapel,CW4 7HJ,Crewe,United Kingdom
BULLEN 1921 LIMITED,09911779,The Lowlands,Drayton,NR8 6HA,Norwich,United Kingdom
BULLEN ARCHITECTURAL LIMITED,11417744,Ourplace Church Lane,Stanfield,NR20 4AP,Dereham,United Kingdom
BULLEN BROTHERS LIMITED,09527438,Lancaster House,87 Yarmouth Road,NR7 0HF,Norwich,United Kingdom
BULLEN CONSERVATION (WALES) LTD,14380601,Seintwar,Llanfaes,LL58 8LR,Beaumaris,United Kingdom
BULLEN CONSERVATION LIMITED,04938870,Fourth Floor,Unit 5b The Parklands,BL6 4SD,Bolton,United Kingdom
BULLEN CONSTRUCTION LIMITED,13983108,1 Paddock Lane,,BB1 2EF,Blackburn,United Kingdom
BULLEN CONSULTANCY LIMITED,12340721,The Willows 27 Bell Lane,Syresham,NN13 5HP,Brackley,United Kingdom
BULLEN CONSULTANTS LIMITED,03340659,Aldgate Tower,2 Leman Street,E1 8FA,London,United Kingdom
BULLEN DEVELOPMENTS LIMITED,09903280,9-11 Drayton High Road,Drayton,NR8 6AH,Norwich,United Kingdom
BULLEN DIMOND PROPERTIES LIMITED,13737458,Rutland House Minerva Business Park,Lynch Wood,PE2 6PZ,Peterborough,United Kingdom
BULLEN ESTATES COMMERCIAL LTD,12432501,56 St. Williams Way,,NR7 0AP,Norwich,United Kingdom
BULLEN ESTATES MANAGEMENT LTD,14971223,12 Penrice Road,Little Plumstead,NR13 5FP,Norwich,United Kingdom
BULLEN ESTATES NORFOLK LTD,15272539,2 Daisy Way,Acle,NR13 3DN,Norwich,United Kingdom
BULLEN ESTATES UK LIMITED,10758129,56 St. Williams Way,,NR7 0AP,Norwich,United Kingdom
BULLEN FABRICATION LTD,07590951,07590951 - COMPANIES HOUSE DEFAULT ADDRESS,Festival Drive,CF14 8LH,Cardiff,United Kingdom
BULLEN GROUP LIMITED,01005917,9-11 Drayton High Road Drayton,Drayton,NR8 6AH,Norwich,United Kingdom
BULLEN HALL FARM LTD,11809344,2 Michaels Court Hanney Road,Southmoor,OX13 5HR,Abingdon,United Kingdom
BULLEN HALL LIMITED,09595925,Honeycombe House,167-169 High Road,IG10 4LF,Loughton,United Kingdom
BULLEN HOMES LIMITED,03711778,9-11 Drayton High Road,Drayton,NR8 6AH,Norwich,United Kingdom
BULLEN INTERNATIONAL HEALTHCARE LIMITED,03137463,"C/O Dsg, Chartered Accountants Castle Chambers",43 Castle Street,L2 9TL,Liverpool,United Kingdom
BULLEN INVESTMENTS LIMITED,01845966,"The Lowlands, Costessey Lane",Drayton,NR8 6HA,Norwich,United Kingdom
BULLEN INVESTMENTS LIMITED,OE028123,57/63 Line Wall Road,,GX11 1AA,Gibraltar,Gibraltar
BULLEN LEWIS & PARTNERS LIMITED,06778481,"Units 17-20 Glacier Buildings, Harrington Road",Brunswick Business Park,L3 4BH,Liverpool,United Kingdom
BULLEN LIMITED,03376955,9-11 High Road,Drayton,NR8 6AH,Norwich,United Kingdom
BULLEN PARTNERSHIP,LP004843,185 London Road,Croydon,CR9 1PT,,United Kingdom
BULLEN PLANT HIRE LIMITED,01326345,45 Appley Lane North,Appley Bridge,WN6 9AD,Wigan,United Kingdom
BULLEN POWER LIMITED,14828753,Lowlands Costessey Lane,Drayton,NR8 6HA,Norwich,United Kingdom
BULLEN PROPERTIES LIMITED,05906065,The Lowlands,Drayton,NR8 6HA,Norwich,United Kingdom
BULLEN PROPERTY INVESTMENTS LIMITED,11453212,Unit 14 The Boathouse Business Centre,1 Harbour Square,PE13 3BH,Wisbech,United Kingdom
BULLEN RESIDENTIAL PROPERTIES LIMITED,03819797,The Lowlands Costessey Lane,Drayton,NR8 6HA,Norwich,United Kingdom
BULLEN ROOFING LTD,13762399,13-17 High Beech Road,,IG10 4BN,Loughton,United Kingdom
BULLEN TRADING CO LTD,07072244,"Unit A, Viaduct Works, Crumlin Road",Crumlin,NP11 3PL,Newport,United Kingdom
BULLEN UND BAEREN STIFTUNG LTD,13515047,Suite A Bank House,81 Judes Road,TW20 0DF,Egham,United Kingdom
BULLEN VILLAGE MANAGEMENT COMPANY LIMITED,06259178,30 Chatfield Lodge,,PO30 1XR,Newport,United Kingdom
BULLEN-BROWN LIMITED,10458091,127a Cavendish Road,,CB1 3AE,Cambridge,United Kingdom
BULLENFIELD LTD,11008413,Unit 8 New Luckhurst Farm Business Centre Bethersden Road,Smarden,TN27 8QT,Ashford,United Kingdom
BULLENS AUDIT SERVICES LTD,09104884,39 Chester Road,,PR9 7HD,Southport,United Kingdom
BULLENS PROPERTY SERVICES LTD,15583205,76 Ongar Place,,KT15 1JG,Addlestone,United Kingdom
BULLENS RENTALS LIMITED,13897996,170 Honey Lane,,EN9 3BE,Waltham Abbey,United Kingdom
BULLENS ROAD LTD,13082666,20-22 Wenlock Road,,N1 7GU,London,United Kingdom
BULLER & BULLER LTD,13549465,Apartment 1 6-7 Victoria Parade,Bayview Apartments,TQ1 2BB,Torquay,United Kingdom
BULLER AUTO SERVICES LIMITED,11865996,Stafford House,Blackbrook Park Avenue,TA1 2PX,Taunton,United Kingdom
BULLER CLOSE OWNERS RTM COMPANY LIMITED,12154796,Flat 17 Leabrook Buller Close,Buller Close,TN6 2YE,Crowborough,United Kingdom
CONSHURST PROPERTIES LIMITED,11846953,30 Harbord Street,Alie Street,SW6 6PJ,London,United Kingdom
GEMINI CLEANING LTD,14063003,38 Dartmouth Avenue,Liverpool Road,GU21 5PJ,Woking,United Kingdom
KATIE CLARK BOUTIQUE LIMITED,13776613,12 High Road,Balby,DN4 0PL,Doncaster,United Kingdom
LOWLANDS GROUP LIMITED,15682855,The Lowlands,Drayton,NR8 6HA,Norwich,United Kingdom
NORFOLK AND NORWICH PROPERTY COMPANY LIMITED,15682841,The Lowlands,Drayton,NR8 6HA,Norwich,United Kingdom
S & Z ENTERPRISE LIMITED,11157631,10 College Park Eastfield,,PE1 4AW,Peterborough,United Kingdom
SIDHU G & CO LTD,13079551,8 Church View,,RG27 9HP,Hook,United Kingdom
STRATEGIC MARKETING PARTNERS LTD,13954305,71-75 Shelton Street,Covent Garden,WC2H 9JQ,London,United Kingdom
WARREN DEVENEYS LTD,15318950,6 Queensway,Kearsley,BL4 8LP,Bolton,United Kingdom
WHITTWHITEMAG LTD,15346457,11 Grasmere Road,,M33 3QU,Sale,United Kingdom
